constructorStandingsId,raceId,constructorId,points,position,positionText,wins
25943,901,1,43.0,2,2,0
25942,901,131,68.0,1,1,2
25941,900,9,0.0,11,11,0
25940,900,207,0.0,10,10,0
25938,900,206,0.0,8,8,0
25939,900,208,0.0,9,9,0
25937,900,15,0.0,7,7,0
25936,900,5,6.0,6,6,0
25935,900,10,9.0,5,5,0
25934,900,3,10.0,4,4,0
25933,900,6,18.0,3,3,0
25932,900,1,33.0,1,1,0
25931,900,131,25.0,2,2,1
25944,901,6,30.0,3,3,0
25945,901,3,20.0,4,4,0
25946,901,10,19.0,5,5,0
25947,901,5,7.0,7,7,0
25948,901,15,0.0,8,8,0
25949,901,206,0.0,11,11,0
25950,901,208,0.0,9,9,0
25951,901,207,0.0,10,10,0
25952,901,9,15.0,6,6,0
25953,902,131,111.0,1,1,3
25954,902,1,43.0,3,3,0
25955,902,6,33.0,5,5,0
25956,902,3,30.0,6,6,0
25957,902,10,44.0,2,2,0
25958,902,5,7.0,7,7,0
25959,902,15,0.0,9,9,0
25960,902,206,0.0,10,10,0
25961,902,208,0.0,8,8,0
25962,902,207,0.0,11,11,0
25963,902,9,35.0,4,4,0
25964,903,131,154.0,1,1,4
25965,903,1,43.0,5,5,0
25966,903,6,52.0,4,4,0
25967,903,3,36.0,6,6,0
25968,903,10,54.0,3,3,0
25969,903,5,8.0,7,7,0
25970,903,15,0.0,9,9,0
25971,903,206,0.0,10,10,0
25972,903,208,0.0,8,8,0
25973,903,207,0.0,11,11,0
25974,903,9,57.0,2,2,0
25975,904,131,197.0,1,1,5
25976,904,1,43.0,6,6,0
25977,904,6,66.0,3,3,0
25978,904,3,46.0,5,5,0
25979,904,10,57.0,4,4,0
25980,904,5,8.0,7,7,0
25981,904,15,0.0,9,9,0
25982,904,206,0.0,10,10,0
25983,904,208,4.0,8,8,0
25984,904,207,0.0,11,11,0
25985,904,9,84.0,2,2,0
25986,905,131,240.0,1,1,6
25987,905,1,52.0,5,5,0
25988,905,6,78.0,3,3,0
25989,905,3,52.0,6,6,0
25990,905,10,67.0,4,4,0
25991,905,5,8.0,8,8,0
25992,905,15,0.0,10,10,0
25993,905,206,2.0,9,9,0
25994,905,208,8.0,7,7,0
25995,905,207,0.0,11,11,0
25996,905,9,99.0,2,2,0
25997,906,131,258.0,1,1,6
25998,906,1,66.0,5,5,0
25999,906,6,87.0,3,3,0
26000,906,3,58.0,6,6,0
26001,906,10,77.0,4,4,0
26002,906,5,12.0,7,7,0
26003,906,15,0.0,10,10,0
26004,906,206,2.0,9,9,0
26005,906,208,8.0,8,8,0
26006,906,207,0.0,11,11,0
26007,906,9,139.0,2,2,1
26008,907,131,301.0,1,1,7
26009,907,1,72.0,6,6,0
26010,907,6,98.0,3,3,0
26011,907,3,85.0,5,5,0
26012,907,10,87.0,4,4,0
26013,907,5,12.0,7,7,0
26014,907,15,0.0,10,10,0
26015,907,206,2.0,9,9,0
26016,907,208,8.0,8,8,0
26017,907,207,0.0,11,11,0
26018,907,9,143.0,2,2,1
26019,908,131,326.0,1,1,8
26020,908,1,90.0,6,6,0
26021,908,6,106.0,3,3,0
26022,908,3,103.0,4,4,0
26023,908,10,91.0,5,5,0
26024,908,5,15.0,7,7,0
26025,908,15,0.0,10,10,0
26026,908,206,2.0,9,9,0
26027,908,208,8.0,8,8,0
26028,908,207,0.0,11,11,0
26029,908,9,168.0,2,2,1
26030,909,131,366.0,1,1,9
26031,909,1,96.0,6,6,0
26032,909,6,116.0,4,4,0
26033,909,3,121.0,3,3,0
26034,909,10,98.0,5,5,0
26035,909,5,15.0,7,7,0
26036,909,15,0.0,10,10,0
26037,909,206,2.0,9,9,0
26038,909,208,8.0,8,8,0
26039,909,207,0.0,11,11,0
26040,909,9,188.0,2,2,1
26041,910,131,393.0,1,1,9
26042,910,1,97.0,6,6,0
26043,910,6,142.0,3,3,0
26044,910,3,135.0,4,4,0
26045,910,10,98.0,5,5,0
26046,910,5,17.0,7,7,0
26047,910,15,0.0,10,10,0
26048,910,206,2.0,9,9,0
26049,910,208,8.0,8,8,0
26050,910,207,0.0,11,11,0
26051,910,9,219.0,2,2,2
26052,911,131,411.0,1,1,9
26053,911,1,105.0,5,5,0
26054,911,6,160.0,3,3,0
26055,911,3,150.0,4,4,0
26056,911,10,103.0,6,6,0
26057,911,5,19.0,7,7,0
26058,911,15,0.0,10,10,0
26059,911,206,2.0,9,9,0
26060,911,208,8.0,8,8,0
26061,911,207,0.0,11,11,0
26062,911,9,254.0,2,2,3
26063,912,131,454.0,1,1,10
26064,912,1,110.0,5,5,0
26065,912,6,162.0,4,4,0
26066,912,3,177.0,3,3,0
26067,912,10,109.0,6,6,0
26068,912,5,19.0,7,7,0
26069,912,15,0.0,10,10,0
26070,912,206,2.0,9,9,0
26071,912,208,8.0,8,8,0
26072,912,207,0.0,11,11,0
26073,912,9,272.0,2,2,3
26074,913,131,479.0,1,1,11
26075,913,1,111.0,6,6,0
26076,913,6,178.0,4,4,0
26077,913,3,187.0,3,3,0
26078,913,10,117.0,5,5,0
26079,913,5,27.0,7,7,0
26080,913,15,0.0,10,10,0
26081,913,206,2.0,9,9,0
26082,913,208,8.0,8,8,0
26083,913,207,0.0,11,11,0
26084,913,9,305.0,2,2,3
26085,914,131,522.0,1,1,12
26086,914,1,121.0,6,6,0
26087,914,6,178.0,4,4,0
26088,914,3,201.0,3,3,0
26089,914,10,122.0,5,5,0
26090,914,5,29.0,7,7,0
26091,914,15,0.0,10,10,0
26092,914,206,2.0,9,9,0
26093,914,208,8.0,8,8,0
26094,914,207,0.0,11,11,0
26095,914,9,332.0,2,2,3
26096,915,131,565.0,1,1,13
26097,915,1,143.0,5,5,0
26098,915,6,188.0,4,4,0
26099,915,3,216.0,3,3,0
26100,915,10,123.0,6,6,0
26101,915,5,29.0,7,7,0
26102,915,15,0.0,10,10,0
26103,915,206,2.0,9,9,0
26104,915,208,8.0,8,8,0
26105,915,207,0.0,11,11,0
26106,915,9,342.0,2,2,3
26107,916,131,608.0,1,1,14
26108,916,1,147.0,5,5,0
26109,916,6,196.0,4,4,0
26110,916,3,238.0,3,3,0
26111,916,10,123.0,6,6,0
26112,916,5,30.0,7,7,0
26113,916,15,0.0,10,10,0
26114,916,206,2.0,9,9,0
26115,916,208,10.0,8,8,0
26116,916,207,0.0,11,11,0
26117,916,9,363.0,2,2,3
26118,917,131,651.0,1,1,15
26119,917,1,161.0,5,5,0
26120,917,6,210.0,4,4,0
26121,917,3,254.0,3,3,0
26122,917,10,127.0,6,6,0
26123,917,5,30.0,7,7,0
26124,917,15,0.0,10,10,0
26125,917,206,2.0,9,9,0
26126,917,208,10.0,8,8,0
26127,917,207,0.0,11,11,0
26128,917,9,373.0,2,2,3
26129,918,131,701.0,1,1,16
26130,918,1,181.0,5,5,0
26131,918,6,216.0,4,4,0
26132,918,3,320.0,3,3,0
26133,918,10,155.0,6,6,0
26134,918,5,30.0,7,7,0
26135,918,15,0.0,10,10,0
26136,918,206,2.0,9,9,0
26137,918,208,10.0,8,8,0
26138,918,207,0.0,11,11,0
26139,918,9,405.0,2,2,3
26733,969,6,37.0,1,1,1
26140,926,131,43.0,1,1,1
26141,926,6,15.0,2,2,0
26142,926,3,12.0,4,4,0
26143,926,15,14.0,3,3,0
26144,926,9,8.0,5,5,0
26145,926,10,7.0,6,6,0
26146,926,5,2.0,7,7,0
26147,926,1,0.0,8,8,0
26148,926,208,0.0,9,9,0
26149,927,131,76.0,1,1,1
26150,927,6,52.0,2,2,1
26151,927,3,30.0,3,3,0
26152,927,15,14.0,4,4,0
26153,927,9,11.0,6,6,0
26154,927,10,7.0,7,7,0
26155,927,5,12.0,5,5,0
26156,927,1,0.0,9,9,0
26157,927,208,0.0,8,8,0
26158,927,209,0.0,10,10,0
26159,928,131,119.0,1,1,2
26160,928,6,79.0,2,2,1
26161,928,3,48.0,3,3,0
26162,928,15,19.0,4,4,0
26163,928,9,13.0,5,5,0
26164,928,10,7.0,7,7,0
26165,928,5,12.0,6,6,0
26166,928,1,0.0,9,9,0
26167,928,208,6.0,8,8,0
26168,928,209,0.0,10,10,0
26169,929,131,159.0,1,1,3
26170,929,6,107.0,2,2,1
26171,929,3,61.0,3,3,0
26172,929,15,19.0,5,5,0
26173,929,9,23.0,4,4,0
26174,929,10,11.0,8,8,0
26175,929,5,12.0,7,7,0
26176,929,1,0.0,9,9,0
26177,929,208,12.0,6,6,0
26178,929,209,0.0,10,10,0
26179,930,131,202.0,1,1,4
26180,930,6,132.0,2,2,1
26181,930,3,81.0,3,3,0
26182,930,15,19.0,5,5,0
26183,930,9,30.0,4,4,0
26184,930,10,11.0,8,8,0
26185,930,5,14.0,7,7,0
26186,930,1,0.0,9,9,0
26187,930,208,16.0,6,6,0
26188,930,209,0.0,10,10,0
26189,931,131,242.0,1,1,5
26190,931,6,158.0,2,2,1
26191,931,3,81.0,3,3,0
26192,931,15,21.0,5,5,0
26193,931,9,52.0,4,4,0
26194,931,10,17.0,6,6,0
26195,931,5,15.0,8,8,0
26196,931,1,4.0,9,9,0
26197,931,208,16.0,7,7,0
26198,931,209,0.0,10,10,0
26199,932,131,285.0,1,1,6
26200,932,6,180.0,2,2,1
26201,932,3,104.0,3,3,0
26202,932,15,21.0,6,6,0
26203,932,9,54.0,4,4,0
26204,932,10,21.0,7,7,0
26205,932,5,15.0,8,8,0
26206,932,1,4.0,9,9,0
26207,932,208,23.0,5,5,0
26208,932,209,0.0,10,10,0
26209,933,131,328.0,1,1,7
26210,933,6,192.0,2,2,1
26211,933,3,129.0,3,3,0
26212,933,15,21.0,7,7,0
26213,933,9,55.0,4,4,0
26214,933,10,31.0,5,5,0
26215,933,5,19.0,8,8,0
26216,933,1,4.0,9,9,0
26217,933,208,29.0,6,6,0
26218,933,209,0.0,10,10,0
26219,934,131,371.0,1,1,8
26220,934,6,211.0,2,2,1
26221,934,3,151.0,3,3,0
26222,934,15,21.0,7,7,0
26223,934,9,63.0,4,4,0
26224,934,10,39.0,5,5,0
26225,934,5,19.0,8,8,0
26226,934,1,5.0,9,9,0
26227,934,208,29.0,6,6,0
26228,934,209,0.0,10,10,0
26229,936,131,383.0,1,1,8
26230,936,6,236.0,2,2,2
26231,936,3,151.0,3,3,0
26232,936,15,22.0,8,8,0
26233,936,9,96.0,4,4,0
26234,936,10,39.0,5,5,0
26235,936,5,31.0,7,7,0
26236,936,1,17.0,9,9,0
26237,936,208,35.0,6,6,0
26238,936,209,0.0,10,10,0
26260,938,131,451.0,1,1,10
26259,937,209,0.0,10,10,0
26257,937,1,17.0,9,9,0
26256,937,5,35.0,7,7,0
26253,937,15,23.0,8,8,0
26258,937,208,50.0,5,5,0
26252,937,3,161.0,3,3,0
26255,937,10,49.0,6,6,0
26254,937,9,108.0,4,4,0
26251,937,6,242.0,2,2,2
26250,937,131,426.0,1,1,9
26261,938,6,270.0,2,2,2
26262,938,3,188.0,3,3,0
26263,938,15,25.0,8,8,0
26264,938,9,113.0,4,4,0
26265,938,10,63.0,5,5,0
26266,938,5,35.0,7,7,0
26267,938,1,17.0,9,9,0
26268,938,208,50.0,6,6,0
26269,938,209,0.0,10,10,0
26270,939,131,463.0,1,1,10
26271,939,6,310.0,2,2,3
26272,939,3,198.0,3,3,0
26273,939,15,26.0,8,8,0
26274,939,9,139.0,4,4,0
26275,939,10,69.0,5,5,0
26276,939,5,41.0,7,7,0
26277,939,1,17.0,9,9,0
26278,939,208,50.0,6,6,0
26279,939,209,0.0,10,10,0
26297,940,1,17.0,9,9,0
26294,940,9,139.0,4,4,0
26292,940,3,208.0,3,3,0
26299,940,209,0.0,10,10,0
26298,940,208,60.0,6,6,0
26296,940,5,44.0,7,7,0
26295,940,10,77.0,5,5,0
26291,940,6,337.0,2,2,3
26293,940,15,26.0,8,8,0
26290,940,131,506.0,1,1,11
26384,941,209,0.0,10,10,0
26383,941,208,66.0,6,6,0
26382,941,1,19.0,9,9,0
26381,941,5,45.0,7,7,0
26380,941,10,92.0,5,5,0
26379,941,9,149.0,4,4,0
26378,941,15,34.0,8,8,0
26377,941,3,220.0,3,3,0
26376,941,6,359.0,2,2,3
26394,942,209,0.0,10,10,0
26375,941,131,531.0,1,1,12
26393,942,208,70.0,6,6,0
26390,942,10,102.0,5,5,0
26388,942,15,36.0,8,8,0
26392,942,1,27.0,9,9,0
26391,942,5,63.0,7,7,0
26387,942,3,220.0,3,3,0
26389,942,9,150.0,4,4,0
26386,942,6,374.0,2,2,3
26385,942,131,574.0,1,1,13
26403,943,208,71.0,6,6,0
26400,943,10,112.0,5,5,0
26398,943,15,36.0,8,8,0
26404,943,209,0.0,10,10,0
26402,943,1,27.0,9,9,0
26401,943,5,65.0,7,7,0
26397,943,3,243.0,3,3,0
26399,943,9,172.0,4,4,0
26396,943,6,374.0,2,2,3
26395,943,131,617.0,1,1,14
26413,944,208,76.0,6,6,0
26410,944,10,120.0,5,5,0
26408,944,15,36.0,8,8,0
26414,944,209,0.0,10,10,0
26412,944,1,27.0,9,9,0
26411,944,5,67.0,7,7,0
26407,944,3,253.0,3,3,0
26409,944,9,178.0,4,4,0
26406,944,6,401.0,2,2,3
26405,944,131,660.0,1,1,15
26434,945,208,78.0,6,6,0
26431,945,10,136.0,5,5,0
26429,945,15,36.0,8,8,0
26435,945,209,0.0,10,10,0
26433,945,1,27.0,9,9,0
26432,945,5,67.0,7,7,0
26428,945,3,257.0,3,3,0
26430,945,9,187.0,4,4,0
26427,945,6,428.0,2,2,3
26426,945,131,703.0,1,1,16
26524,955,131,258.0,1,1,7
26566,948,15,0.0,10,10,0
26567,948,209,0.0,11,11,0
26557,948,131,43.0,1,1,1
26565,948,1,0.0,9,9,0
26564,948,4,0.0,8,8,0
26563,948,5,3.0,7,7,0
26562,948,10,6.0,6,6,0
26561,948,210,8.0,5,5,0
26560,948,3,14.0,3,3,0
26559,948,9,12.0,4,4,0
26558,948,6,15.0,2,2,0
26447,949,131,83.0,1,1,2
26448,949,6,33.0,2,2,0
26449,949,9,30.0,3,3,0
26450,949,3,20.0,4,4,0
26451,949,210,18.0,5,5,0
26452,949,10,6.0,7,7,0
26453,949,5,11.0,6,6,0
26454,949,4,0.0,9,9,0
26455,949,1,1.0,8,8,0
26456,949,15,0.0,10,10,0
26457,949,209,0.0,11,11,0
26458,950,131,114.0,1,1,3
26459,950,6,61.0,2,2,0
26460,950,9,57.0,3,3,0
26461,950,3,29.0,4,4,0
26462,950,210,18.0,5,5,0
26463,950,10,6.0,7,7,0
26464,950,5,17.0,6,6,0
26465,950,4,0.0,9,9,0
26466,950,1,1.0,8,8,0
26467,950,15,0.0,10,10,0
26468,950,209,0.0,11,11,0
26469,951,131,157.0,1,1,4
26470,951,6,76.0,2,2,0
26471,951,9,57.0,3,3,0
26472,951,3,51.0,4,4,0
26473,951,210,22.0,5,5,0
26474,951,10,8.0,8,8,0
26475,951,5,17.0,6,6,0
26476,951,4,6.0,9,9,0
26477,951,1,10.0,7,7,0
26478,951,15,0.0,10,10,0
26479,951,209,0.0,11,11,0
26480,952,131,157.0,1,1,4
26481,952,6,109.0,2,2,0
26482,952,9,94.0,3,3,1
26483,952,3,65.0,4,4,0
26484,952,210,22.0,6,6,0
26485,952,10,14.0,7,7,0
26486,952,5,26.0,5,5,0
26487,952,4,6.0,9,9,0
26488,952,1,12.0,8,8,0
26489,952,15,0.0,10,10,0
26490,952,209,0.0,11,11,0
26491,953,131,188.0,1,1,5
26492,953,6,121.0,2,2,0
26493,953,9,112.0,3,3,1
26494,953,3,66.0,4,4,0
26495,953,210,22.0,8,8,0
26496,953,10,37.0,5,5,0
26497,953,5,30.0,6,6,0
26498,953,4,6.0,9,9,0
26499,953,1,24.0,7,7,0
26500,953,15,0.0,10,10,0
26501,953,209,0.0,11,11,0
26502,954,131,223.0,1,1,6
26503,954,6,147.0,2,2,0
26504,954,9,130.0,3,3,1
26505,954,3,81.0,4,4,0
26506,954,210,22.0,8,8,0
26507,954,10,42.0,5,5,0
26508,954,5,32.0,6,6,0
26509,954,4,6.0,9,9,0
26510,954,1,24.0,7,7,0
26511,954,15,0.0,10,10,0
26512,954,209,0.0,11,11,0
26525,955,6,177.0,2,2,0
26526,955,9,140.0,3,3,1
26527,955,3,90.0,4,4,0
26528,955,210,22.0,8,8,0
26529,955,10,59.0,5,5,0
26530,955,5,32.0,6,6,0
26531,955,4,6.0,9,9,0
26532,955,1,24.0,7,7,0
26533,955,15,0.0,10,10,0
26534,955,209,0.0,11,11,0
26535,956,131,295.0,1,1,8
26536,956,6,192.0,2,2,0
26537,956,9,168.0,3,3,1
26538,956,3,92.0,4,4,0
26539,956,210,28.0,8,8,0
26540,956,10,59.0,5,5,0
26541,956,5,36.0,6,6,0
26542,956,4,6.0,9,9,0
26543,956,1,32.0,7,7,0
26544,956,15,0.0,11,11,0
26545,956,209,1.0,10,10,0
26546,957,131,335.0,1,1,9
26547,957,6,204.0,2,2,0
26548,957,9,198.0,3,3,1
26549,957,3,92.0,4,4,0
26550,957,210,28.0,8,8,0
26551,957,10,73.0,5,5,0
26552,957,5,41.0,6,6,0
26553,957,4,6.0,9,9,0
26554,957,1,32.0,7,7,0
26555,957,15,0.0,11,11,0
26556,957,209,1.0,10,10,0
26568,958,131,378.0,1,1,10
26569,958,6,224.0,2,2,0
26570,958,9,223.0,3,3,1
26571,958,3,94.0,4,4,0
26572,958,210,28.0,8,8,0
26573,958,10,74.0,5,5,0
26574,958,5,45.0,6,6,0
26575,958,4,6.0,9,9,0
26576,958,1,38.0,7,7,0
26577,958,15,0.0,11,11,0
26578,958,209,1.0,10,10,0
26579,959,131,415.0,1,1,11
26580,959,6,242.0,3,3,0
26581,959,9,256.0,2,2,1
26582,959,3,96.0,4,4,0
26583,959,210,28.0,8,8,0
26584,959,10,81.0,5,5,0
26585,959,5,45.0,6,6,0
26586,959,4,6.0,9,9,0
26587,959,1,42.0,7,7,0
26588,959,15,0.0,11,11,0
26589,959,209,1.0,10,10,0
26590,960,131,455.0,1,1,12
26591,960,6,252.0,3,3,0
26592,960,9,274.0,2,2,1
26593,960,3,101.0,5,5,0
26594,960,210,28.0,8,8,0
26595,960,10,103.0,4,4,0
26596,960,5,45.0,7,7,0
26597,960,4,6.0,9,9,0
26598,960,1,48.0,6,6,0
26599,960,15,0.0,11,11,0
26600,960,209,1.0,10,10,0
26601,961,131,498.0,1,1,13
26602,961,6,279.0,3,3,0
26603,961,9,290.0,2,2,1
26604,961,3,111.0,4,4,0
26605,961,210,28.0,8,8,0
26606,961,10,108.0,5,5,0
26607,961,5,45.0,7,7,0
26608,961,4,6.0,9,9,0
26609,961,1,48.0,6,6,0
26610,961,15,0.0,11,11,0
26611,961,209,1.0,10,10,0
26612,962,131,538.0,1,1,14
26613,962,6,301.0,3,3,0
26614,962,9,316.0,2,2,1
26615,962,3,111.0,5,5,0
26616,962,210,28.0,8,8,0
26617,962,10,112.0,4,4,0
26618,962,5,47.0,7,7,0
26619,962,4,7.0,9,9,0
26620,962,1,54.0,6,6,0
26621,962,15,0.0,11,11,0
26622,962,209,1.0,10,10,0
26623,963,131,553.0,1,1,14
26624,963,6,313.0,3,3,0
26625,963,9,359.0,2,2,2
26626,963,3,121.0,5,5,0
26627,963,210,28.0,8,8,0
26628,963,10,124.0,4,4,0
26629,963,5,47.0,7,7,0
26630,963,4,8.0,9,9,0
26631,963,1,62.0,6,6,0
26632,963,15,0.0,11,11,0
26633,963,209,1.0,10,10,0
26634,964,131,593.0,1,1,15
26635,964,6,335.0,3,3,0
26636,964,9,385.0,2,2,2
26637,964,3,124.0,5,5,0
26638,964,210,28.0,8,8,0
26639,964,10,134.0,4,4,0
26640,964,5,47.0,7,7,0
26641,964,4,8.0,9,9,0
26642,964,1,62.0,6,6,0
26643,964,15,0.0,11,11,0
26644,964,209,1.0,10,10,0
26712,967,6,375.0,3,3,0
26697,965,1,74.0,6,6,0
26711,967,131,722.0,1,1,18
26698,965,15,0.0,11,11,0
26690,965,6,347.0,3,3,0
26696,965,4,8.0,9,9,0
26695,965,5,55.0,7,7,0
26694,965,10,138.0,4,4,0
26692,965,3,130.0,5,5,0
26693,965,210,29.0,8,8,0
26691,965,9,400.0,2,2,2
26689,965,131,636.0,1,1,16
26708,966,1,74.0,6,6,0
26710,966,209,1.0,10,10,0
26709,966,15,0.0,11,11,0
26701,966,6,365.0,3,3,0
26707,966,4,8.0,9,9,0
26706,966,5,55.0,7,7,0
26705,966,10,145.0,4,4,0
26703,966,3,136.0,5,5,0
26704,966,210,29.0,8,8,0
26702,966,9,427.0,2,2,2
26700,966,131,679.0,1,1,17
26699,965,209,1.0,10,10,0
26713,967,9,446.0,2,2,2
26714,967,3,136.0,5,5,0
26715,967,210,29.0,8,8,0
26716,967,10,163.0,4,4,0
26717,967,5,63.0,7,7,0
26718,967,4,8.0,9,9,0
26719,967,1,75.0,6,6,0
26720,967,15,2.0,10,10,0
26721,967,209,1.0,11,11,0
26722,968,131,765.0,1,1,19
26723,968,6,398.0,3,3,0
26724,968,9,468.0,2,2,2
26725,968,3,138.0,5,5,0
26726,968,210,29.0,8,8,0
26727,968,10,173.0,4,4,0
26728,968,5,63.0,7,7,0
26729,968,4,8.0,9,9,0
26730,968,1,76.0,6,6,0
26731,968,15,2.0,10,10,0
26732,968,209,1.0,11,11,0
26734,969,131,33.0,2,2,0
26735,969,9,10.0,3,3,0
26736,969,3,8.0,4,4,0
26737,969,10,7.0,5,5,0
26738,969,5,6.0,6,6,0
26739,969,4,0.0,7,7,0
26740,969,15,0.0,8,8,0
26741,969,1,0.0,9,9,0
26742,969,210,0.0,10,10,0
26743,970,6,65.0,2,2,1
26744,970,131,66.0,1,1,1
26745,970,9,37.0,3,3,0
26746,970,3,8.0,6,6,0
26747,970,10,10.0,5,5,0
26748,970,5,12.0,4,4,0
26749,970,4,0.0,8,8,0
26750,970,15,0.0,9,9,0
26751,970,1,0.0,10,10,0
26752,970,210,4.0,7,7,0
26753,971,6,102.0,1,1,2
26754,971,131,99.0,2,2,1
26755,971,9,47.0,3,3,0
26756,971,3,16.0,5,5,0
26757,971,10,17.0,4,4,0
26758,971,5,12.0,6,6,0
26759,971,4,2.0,8,8,0
26760,971,15,0.0,9,9,0
26761,971,1,0.0,10,10,0
26762,971,210,8.0,7,7,0
26763,972,6,135.0,2,2,2
26764,972,131,136.0,1,1,2
26765,972,9,57.0,3,3,0
26766,972,3,18.0,5,5,0
26767,972,10,31.0,4,4,0
26768,972,5,13.0,6,6,0
26769,972,4,6.0,8,8,0
26770,972,15,0.0,9,9,0
26771,972,1,0.0,10,10,0
26772,972,210,8.0,7,7,0
26773,973,6,153.0,2,2,2
26774,973,131,161.0,1,1,3
26775,973,9,72.0,3,3,0
26776,973,3,18.0,6,6,0
26777,973,10,53.0,4,4,0
26778,973,5,21.0,5,5,0
26779,973,4,14.0,7,7,0
26780,973,15,4.0,9,9,0
26781,973,1,0.0,10,10,0
26782,973,210,9.0,8,8,0
26783,974,6,196.0,1,1,3
26784,974,131,179.0,2,2,3
26785,974,9,97.0,3,3,0
26786,974,3,20.0,6,6,0
26787,974,10,53.0,4,4,0
26788,974,5,29.0,5,5,0
26789,974,4,14.0,7,7,0
26790,974,15,4.0,9,9,0
26791,974,1,0.0,10,10,0
26792,974,210,14.0,8,8,0
26793,975,6,214.0,2,2,3
26794,975,131,222.0,1,1,4
26795,975,9,112.0,3,3,0
26796,975,3,22.0,6,6,0
26797,975,10,71.0,4,4,0
26798,975,5,29.0,5,5,0
26799,975,4,18.0,7,7,0
26800,975,15,4.0,9,9,0
26801,975,1,0.0,10,10,0
26802,975,210,15.0,8,8,0
26803,976,6,226.0,2,2,3
26804,976,131,250.0,1,1,4
26805,976,9,137.0,3,3,1
26806,976,3,37.0,5,5,0
26807,976,10,79.0,4,4,0
26808,976,5,33.0,6,6,0
26809,976,4,18.0,8,8,0
26810,976,15,5.0,9,9,0
26811,976,1,2.0,10,10,0
26812,976,210,21.0,7,7,0
26813,977,6,254.0,2,2,3
26814,977,131,287.0,1,1,5
26815,977,9,152.0,3,3,1
26816,977,3,40.0,5,5,0
26817,977,10,89.0,4,4,0
26818,977,5,33.0,6,6,0
26819,977,4,18.0,8,8,0
26820,977,15,5.0,9,9,0
26821,977,1,2.0,10,10,0
26822,977,210,29.0,7,7,0
26823,978,6,275.0,2,2,3
26824,978,131,330.0,1,1,6
26825,978,9,174.0,3,3,1
26826,978,3,41.0,5,5,0
26827,978,10,95.0,4,4,0
26828,978,5,33.0,6,6,0
26829,978,4,26.0,8,8,0
26830,978,15,5.0,9,9,0
26831,978,1,2.0,10,10,0
26832,978,210,29.0,7,7,0
26833,979,6,318.0,2,2,4
26834,979,131,357.0,1,1,6
26835,979,9,184.0,3,3,1
26836,979,3,41.0,5,5,0
26837,979,10,101.0,4,4,0
26838,979,5,39.0,6,6,0
26839,979,4,26.0,8,8,0
26840,979,15,5.0,10,10,0
26841,979,1,11.0,9,9,0
26842,979,210,29.0,7,7,0
26843,980,6,348.0,2,2,4
26844,980,131,392.0,1,1,7
26845,980,9,199.0,3,3,1
26846,980,3,45.0,5,5,0
26847,980,10,103.0,4,4,0
26848,980,5,40.0,6,6,0
26849,980,4,34.0,8,8,0
26850,980,15,5.0,10,10,0
26851,980,1,11.0,9,9,0
26852,980,210,35.0,7,7,0
26853,981,6,373.0,2,2,4
26854,981,131,435.0,1,1,8
26855,981,9,212.0,3,3,1
26856,981,3,55.0,5,5,0
26857,981,10,113.0,4,4,0
26858,981,5,40.0,6,6,0
26859,981,4,34.0,8,8,0
26860,981,15,5.0,10,10,0
26861,981,1,11.0,9,9,0
26862,981,210,35.0,7,7,0
26863,982,6,373.0,2,2,4
26864,982,131,475.0,1,1,9
26865,982,9,230.0,3,3,1
26866,982,3,59.0,5,5,0
26867,982,10,124.0,4,4,0
26868,982,5,52.0,6,6,0
26869,982,4,42.0,7,7,0
26870,982,15,5.0,10,10,0
26871,982,1,17.0,9,9,0
26872,982,210,37.0,8,8,0
26873,983,6,385.0,2,2,4
26874,983,131,503.0,1,1,9
26875,983,9,270.0,3,3,2
26876,983,3,65.0,5,5,0
26877,983,10,133.0,4,4,0
26878,983,5,52.0,6,6,0
26879,983,4,42.0,7,7,0
26880,983,15,5.0,10,10,0
26881,983,1,23.0,9,9,0
26882,983,210,37.0,8,8,0
26883,984,6,395.0,2,2,4
26884,984,131,540.0,1,1,10
26885,984,9,303.0,3,3,2
26886,984,3,66.0,5,5,0
26887,984,10,147.0,4,4,0
26888,984,5,52.0,6,6,0
26889,984,4,42.0,8,8,0
26890,984,15,5.0,10,10,0
26891,984,1,23.0,9,9,0
26892,984,210,43.0,7,7,0
26893,985,6,428.0,2,2,4
26894,985,131,575.0,1,1,11
26895,985,9,315.0,3,3,2
26896,985,3,68.0,5,5,0
26897,985,10,159.0,4,4,0
26898,985,5,53.0,6,6,0
26899,985,4,48.0,7,7,0
26900,985,15,5.0,10,10,0
26901,985,1,23.0,9,9,0
26902,985,210,43.0,8,8,0
26903,986,6,455.0,2,2,4
26904,986,131,595.0,1,1,11
26905,986,9,340.0,3,3,3
26906,986,3,76.0,5,5,0
26907,986,10,175.0,4,4,0
26908,986,5,53.0,6,6,0
26909,986,4,48.0,7,7,0
26910,986,15,5.0,10,10,0
26911,986,1,24.0,9,9,0
26912,986,210,47.0,8,8,0
26913,987,6,495.0,2,2,5
26914,987,131,625.0,1,1,11
26915,987,9,358.0,3,3,3
26916,987,3,82.0,5,5,0
26917,987,10,177.0,4,4,0
26918,987,5,53.0,6,6,0
26919,987,4,49.0,7,7,0
26920,987,15,5.0,10,10,0
26921,987,1,28.0,9,9,0
26922,987,210,47.0,8,8,0
26923,988,6,522.0,2,2,5
26924,988,131,668.0,1,1,12
26925,988,9,368.0,3,3,3
26926,988,3,83.0,5,5,0
26927,988,10,187.0,4,4,0
26928,988,5,53.0,7,7,0
26929,988,4,57.0,6,6,0
26930,988,15,5.0,10,10,0
26931,988,1,30.0,9,9,0
26932,988,210,47.0,8,8,0
26933,989,6,40.0,1,1,1
26934,989,131,22.0,2,2,0
26935,989,9,20.0,3,3,0
26936,989,1,12.0,4,4,0
26937,989,4,7.0,5,5,0
26938,989,10,0.0,6,6,0
26939,989,15,0.0,7,7,0
26940,989,3,0.0,8,8,0
26941,989,5,0.0,9,9,0
26942,989,210,0.0,10,10,0
26982,990,210,10.0,7,7,0
26979,990,15,2.0,8,8,0
26981,990,5,12.0,6,6,0
26980,990,3,0.0,10,10,0
26975,990,9,20.0,4,4,0
26976,990,1,22.0,3,3,0
26977,990,4,15.0,5,5,0
26978,990,10,1.0,9,9,0
26974,990,131,55.0,2,2,0
26973,990,6,65.0,1,1,2
26963,991,6,84.0,2,2,2
26964,991,131,85.0,1,1,0
26965,991,9,55.0,3,3,1
26966,991,1,28.0,4,4,0
26967,991,4,25.0,5,5,0
26968,991,10,1.0,9,9,0
26969,991,15,2.0,8,8,0
26970,991,3,0.0,10,10,0
26971,991,5,12.0,6,6,0
26972,991,210,11.0,7,7,0
26983,992,6,114.0,1,1,2
26984,992,131,110.0,2,2,1
26985,992,9,55.0,3,3,1
26986,992,1,36.0,4,4,0
26987,992,4,35.0,5,5,0
26988,992,10,16.0,6,6,0
26989,992,15,10.0,9,9,0
26990,992,3,4.0,10,10,0
26991,992,5,13.0,7,7,0
26992,992,210,11.0,8,8,0
26993,993,6,126.0,2,2,2
26994,993,131,153.0,1,1,2
26995,993,9,80.0,3,3,1
26996,993,1,40.0,5,5,0
26997,993,4,41.0,4,4,0
26998,993,10,18.0,7,7,0
26999,993,15,11.0,9,9,0
27000,993,3,4.0,10,10,0
27001,993,5,13.0,8,8,0
27002,993,210,19.0,6,6,0
27003,994,6,156.0,2,2,2
27004,994,131,178.0,1,1,2
27005,994,9,107.0,3,3,2
27006,994,1,40.0,5,5,0
27007,994,4,46.0,4,4,0
27008,994,10,26.0,6,6,0
27009,994,15,11.0,9,9,0
27010,994,3,4.0,10,10,0
27011,994,5,19.0,7,7,0
27012,994,210,19.0,8,8,0
27013,995,6,189.0,2,2,3
27014,995,131,206.0,1,1,2
27015,995,9,134.0,3,3,2
27016,995,1,40.0,5,5,0
27017,995,4,56.0,4,4,0
27018,995,10,28.0,6,6,0
27019,995,15,12.0,9,9,0
27020,995,3,4.0,10,10,0
27021,995,5,19.0,7,7,0
27022,995,210,19.0,8,8,0
27023,996,6,214.0,2,2,3
27024,996,131,237.0,1,1,3
27025,996,9,164.0,3,3,2
27026,996,1,40.0,5,5,0
27027,996,4,62.0,4,4,0
27028,996,10,28.0,6,6,0
27029,996,15,13.0,9,9,0
27030,996,3,4.0,10,10,0
27031,996,5,19.0,8,8,0
27032,996,210,27.0,7,7,0
27033,997,6,247.0,1,1,3
27034,997,131,237.0,2,2,3
27035,997,9,189.0,3,3,3
27036,997,1,44.0,6,6,0
27037,997,4,62.0,4,4,0
27038,997,10,42.0,7,7,0
27039,997,15,16.0,9,9,0
27040,997,3,4.0,10,10,0
27041,997,5,19.0,8,8,0
27042,997,210,49.0,5,5,0
27043,998,6,287.0,1,1,4
27044,998,131,267.0,2,2,3
27045,998,9,199.0,3,3,3
27046,998,1,48.0,7,7,0
27047,998,4,70.0,4,4,0
27048,998,10,49.0,6,6,0
27049,998,15,16.0,9,9,0
27050,998,3,4.0,10,10,0
27051,998,5,19.0,8,8,0
27052,998,210,51.0,5,5,0
27053,999,6,302.0,2,2,4
27054,999,131,310.0,1,1,4
27055,999,9,211.0,3,3,3
27056,999,1,48.0,7,7,0
27057,999,4,80.0,4,4,0
27058,999,10,59.0,5,5,0
27059,999,15,18.0,9,9,0
27060,999,3,4.0,10,10,0
27061,999,5,20.0,8,8,0
27062,999,210,59.0,6,6,0
27063,1000,6,335.0,2,2,4
27064,1000,131,345.0,1,1,5
27065,1000,9,223.0,3,3,3
27066,1000,1,52.0,7,7,0
27067,1000,4,82.0,4,4,0
27068,1000,10,59.0,6,6,0
27069,1000,15,18.0,9,9,0
27070,1000,3,4.0,10,10,0
27071,1000,5,28.0,8,8,0
27072,1000,210,66.0,5,5,0
27073,1001,6,360.0,2,2,5
27074,1001,131,375.0,1,1,5
27075,1001,9,238.0,3,3,3
27076,1001,1,52.0,6,6,0
27077,1001,4,82.0,4,4,0
27078,1001,10,18.0,9,9,0
27079,1001,15,19.0,8,8,0
27080,1001,3,4.0,10,10,0
27081,1001,5,30.0,7,7,0
27082,1001,210,76.0,5,5,0
27101,1002,5,30.0,8,8,0
27100,1002,3,7.0,10,10,0
27098,1002,10,32.0,7,7,0
27096,1002,1,52.0,6,6,0
27094,1002,131,415.0,1,1,6
27102,1002,210,76.0,5,5,0
27099,1002,15,19.0,9,9,0
27093,1002,6,390.0,2,2,5
27095,1002,9,248.0,3,3,3
27097,1002,4,86.0,4,4,0
27103,1003,6,415.0,2,2,5
27104,1003,131,452.0,1,1,7
27105,1003,9,274.0,3,3,3
27106,1003,1,58.0,6,6,0
27107,1003,4,91.0,4,4,0
27108,1003,10,32.0,7,7,0
27109,1003,15,21.0,9,9,0
27110,1003,3,7.0,10,10,0
27111,1003,5,30.0,8,8,0
27112,1003,210,76.0,5,5,0
27113,1004,6,442.0,2,2,5
27114,1004,131,495.0,1,1,8
27115,1004,9,292.0,3,3,3
27116,1004,1,58.0,6,6,0
27117,1004,4,91.0,4,4,0
27118,1004,10,35.0,7,7,0
27119,1004,15,27.0,9,9,0
27120,1004,3,7.0,10,10,0
27121,1004,5,30.0,8,8,0
27122,1004,210,80.0,5,5,0
27123,1005,6,460.0,2,2,5
27124,1005,131,538.0,1,1,9
27125,1005,9,319.0,3,3,3
27126,1005,1,58.0,6,6,0
27127,1005,4,92.0,4,4,0
27128,1005,10,43.0,7,7,0
27129,1005,15,27.0,9,9,0
27130,1005,3,7.0,10,10,0
27131,1005,5,30.0,8,8,0
27132,1005,210,84.0,5,5,0
27152,1006,210,84.0,5,5,0
27151,1006,5,32.0,8,8,0
27150,1006,3,7.0,10,10,0
27148,1006,10,47.0,7,7,0
27146,1006,1,58.0,6,6,0
27144,1006,131,563.0,1,1,9
27149,1006,15,28.0,9,9,0
27143,1006,6,497.0,2,2,6
27145,1006,9,337.0,3,3,3
27147,1006,4,106.0,4,4,0
27153,1007,6,530.0,2,2,6
27154,1007,131,585.0,1,1,9
27155,1007,9,362.0,3,3,4
27156,1007,1,62.0,6,6,0
27157,1007,4,114.0,4,4,0
27158,1007,10,47.0,7,7,0
27159,1007,15,36.0,8,8,0
27160,1007,3,7.0,10,10,0
27161,1007,5,33.0,9,9,0
27162,1007,210,84.0,5,5,0
27163,1008,6,553.0,2,2,6
27164,1008,131,620.0,1,1,10
27165,1008,9,392.0,3,3,4
27166,1008,1,62.0,6,6,0
27167,1008,4,114.0,4,4,0
27168,1008,10,48.0,7,7,0
27169,1008,15,42.0,8,8,0
27170,1008,3,7.0,10,10,0
27171,1008,5,33.0,9,9,0
27172,1008,210,90.0,5,5,0
27173,1009,6,571.0,2,2,6
27174,1009,131,655.0,1,1,11
27175,1009,9,419.0,3,3,4
27176,1009,1,62.0,6,6,0
27177,1009,4,122.0,4,4,0
27178,1009,10,52.0,7,7,0
27179,1009,15,48.0,8,8,0
27180,1009,3,7.0,10,10,0
27181,1009,5,33.0,9,9,0
27182,1009,210,93.0,5,5,0
27197,1010,4,6.0,5,5,0
27196,1010,210,8.0,4,4,0
27195,1010,6,22.0,2,2,0
27194,1010,9,15.0,3,3,0
27193,1010,131,44.0,1,1,1
27198,1010,51,4.0,6,6,0
27199,1010,211,2.0,7,7,0
27200,1010,5,1.0,8,8,0
27201,1010,1,0.0,9,9,0
27202,1010,3,0.0,10,10,0
27223,1012,131,130.0,1,1,3
27222,1011,3,0.0,10,10,0
27220,1011,5,3.0,8,8,0
27215,1011,6,48.0,2,2,0
27221,1011,1,8.0,5,5,0
27218,1011,51,10.0,4,4,0
27214,1011,9,31.0,3,3,0
27219,1011,211,3.0,9,9,0
27217,1011,4,6.0,7,7,0
27216,1011,210,8.0,6,6,0
27213,1011,131,87.0,1,1,2
27224,1012,9,52.0,3,3,0
27225,1012,6,73.0,2,2,0
27226,1012,210,8.0,6,6,0
27227,1012,4,12.0,4,4,0
27228,1012,51,12.0,5,5,0
27229,1012,211,7.0,8,8,0
27230,1012,5,4.0,9,9,0
27231,1012,1,8.0,7,7,0
27232,1012,3,0.0,10,10,0
27233,1013,131,173.0,1,1,4
27234,1013,9,64.0,3,3,0
27235,1013,6,99.0,2,2,0
27236,1013,210,8.0,8,8,0
27237,1013,4,12.0,7,7,0
27238,1013,51,13.0,6,6,0
27239,1013,211,17.0,5,5,0
27240,1013,5,4.0,9,9,0
27241,1013,1,18.0,4,4,0
27242,1013,3,0.0,10,10,0
27243,1014,131,217.0,1,1,5
27244,1014,9,87.0,3,3,0
27245,1014,6,121.0,2,2,0
27246,1014,210,15.0,6,6,0
27247,1014,4,12.0,8,8,0
27248,1014,51,13.0,7,7,0
27249,1014,211,17.0,5,5,0
27250,1014,5,6.0,9,9,0
27251,1014,1,22.0,4,4,0
27252,1014,3,0.0,10,10,0
27253,1015,131,257.0,1,1,6
27254,1015,9,110.0,3,3,0
27255,1015,6,139.0,2,2,0
27256,1015,210,16.0,6,6,0
27257,1015,4,14.0,8,8,0
27258,1015,51,13.0,9,9,0
27259,1015,211,17.0,5,5,0
27260,1015,5,16.0,7,7,0
27261,1015,1,30.0,4,4,0
27262,1015,3,0.0,10,10,0
27263,1016,131,295.0,1,1,7
27264,1016,9,124.0,3,3,0
27265,1016,6,172.0,2,2,0
27266,1016,210,16.0,8,8,0
27267,1016,4,28.0,5,5,0
27268,1016,51,13.0,9,9,0
27269,1016,211,19.0,6,6,0
27270,1016,5,17.0,7,7,0
27271,1016,1,30.0,4,4,0
27272,1016,3,0.0,10,10,0
27302,1017,3,0.0,10,10,0
27300,1017,5,17.0,8,8,0
27304,1018,9,169.0,3,3,1
27303,1018,131,363.0,1,1,8
27301,1017,1,40.0,4,4,0
27299,1017,211,19.0,6,6,0
27297,1017,4,32.0,5,5,0
27298,1017,51,19.0,7,7,0
27296,1017,210,16.0,9,9,0
27295,1017,6,198.0,2,2,0
27294,1017,9,137.0,3,3,0
27293,1017,131,338.0,1,1,8
27305,1018,6,228.0,2,2,0
27306,1018,210,16.0,9,9,0
27307,1018,4,32.0,5,5,0
27308,1018,51,22.0,6,6,0
27309,1018,211,19.0,7,7,0
27310,1018,5,17.0,8,8,0
27311,1018,1,52.0,4,4,0
27312,1018,3,0.0,10,10,0
27313,1019,131,407.0,1,1,9
27314,1019,9,191.0,3,3,1
27315,1019,6,243.0,2,2,0
27316,1019,210,16.0,9,9,0
27317,1019,4,39.0,5,5,0
27318,1019,51,26.0,6,6,0
27319,1019,211,19.0,7,7,0
27320,1019,5,19.0,8,8,0
27321,1019,1,60.0,4,4,0
27322,1019,3,0.0,10,10,0
27341,1020,1,70.0,4,4,0
27340,1020,5,42.0,5,5,0
27338,1020,51,26.0,9,9,0
27336,1020,210,26.0,8,8,0
27335,1020,6,261.0,2,2,0
27342,1020,3,1.0,10,10,0
27334,1020,9,217.0,3,3,2
27339,1020,211,31.0,7,7,0
27337,1020,4,39.0,6,6,0
27333,1020,131,409.0,1,1,9
27343,1021,131,438.0,1,1,10
27344,1021,9,244.0,3,3,2
27345,1021,6,288.0,2,2,0
27346,1021,210,26.0,9,9,0
27347,1021,4,39.0,6,6,0
27348,1021,51,32.0,7,7,0
27349,1021,211,31.0,8,8,0
27350,1021,5,43.0,5,5,0
27351,1021,1,82.0,4,4,0
27352,1021,3,1.0,10,10,0
27353,1022,131,471.0,1,1,10
27354,1022,9,254.0,3,3,2
27355,1022,6,326.0,2,2,1
27356,1022,210,26.0,9,9,0
27357,1022,4,43.0,6,6,0
27358,1022,51,32.0,8,8,0
27359,1022,211,40.0,7,7,0
27360,1022,5,51.0,5,5,0
27361,1022,1,82.0,4,4,0
27362,1022,3,1.0,10,10,0
27363,1023,131,505.0,1,1,10
27364,1023,9,266.0,3,3,2
27365,1023,6,351.0,2,2,2
27366,1023,210,26.0,9,9,0
27367,1023,4,65.0,5,5,0
27368,1023,51,34.0,8,8,0
27369,1023,211,46.0,7,7,0
27370,1023,5,51.0,6,6,0
27371,1023,1,83.0,4,4,0
27372,1023,3,1.0,10,10,0
27373,1024,131,527.0,1,1,10
27374,1024,9,289.0,3,3,2
27375,1024,6,394.0,2,2,3
27376,1024,210,26.0,9,9,0
27377,1024,4,67.0,5,5,0
27378,1024,51,35.0,8,8,0
27379,1024,211,46.0,7,7,0
27380,1024,5,55.0,6,6,0
27381,1024,1,89.0,4,4,0
27382,1024,3,1.0,10,10,0
27383,1025,131,571.0,1,1,11
27384,1025,9,311.0,3,3,2
27385,1025,6,409.0,2,2,3
27386,1025,210,28.0,9,9,0
27387,1025,4,68.0,5,5,0
27388,1025,51,35.0,8,8,0
27389,1025,211,52.0,7,7,0
27390,1025,5,55.0,6,6,0
27391,1025,1,101.0,4,4,0
27392,1025,3,1.0,10,10,0
27422,1026,3,1.0,10,10,0
27421,1026,1,111.0,4,4,0
27420,1026,5,62.0,6,6,0
27419,1026,211,58.0,7,7,0
27418,1026,51,35.0,8,8,0
27415,1026,6,435.0,2,2,3
27414,1026,9,323.0,3,3,2
27416,1026,210,28.0,9,9,0
27417,1026,4,68.0,5,5,0
27413,1026,131,612.0,1,1,12
27432,1027,3,1.0,10,10,0
27431,1027,1,111.0,4,4,0
27430,1027,5,64.0,6,6,0
27429,1027,211,64.0,7,7,0
27428,1027,51,35.0,8,8,0
27425,1027,6,466.0,2,2,3
27424,1027,9,341.0,3,3,2
27426,1027,210,28.0,9,9,0
27427,1027,4,73.0,5,5,0
27423,1027,131,652.0,1,1,13
27433,1028,131,695.0,1,1,14
27434,1028,9,366.0,3,3,2
27435,1028,6,479.0,2,2,3
27436,1028,210,28.0,9,9,0
27437,1028,4,83.0,5,5,0
27438,1028,51,35.0,8,8,0
27439,1028,211,65.0,6,6,0
27440,1028,5,64.0,7,7,0
27441,1028,1,121.0,4,4,0
27442,1028,3,1.0,10,10,0
27443,1029,131,701.0,1,1,14
27444,1029,9,391.0,3,3,3
27445,1029,6,479.0,2,2,3
27446,1029,210,28.0,9,9,0
27447,1029,4,91.0,5,5,0
27448,1029,51,57.0,8,8,0
27449,1029,211,67.0,7,7,0
27450,1029,5,83.0,6,6,0
27451,1029,1,140.0,4,4,0
27452,1029,3,1.0,10,10,0
27453,1030,131,739.0,1,1,15
27454,1030,9,417.0,3,3,3
27455,1030,6,504.0,2,2,3
27456,1030,210,28.0,9,9,0
27457,1030,4,91.0,5,5,0
27458,1030,51,57.0,8,8,0
27459,1030,211,73.0,7,7,0
27460,1030,5,85.0,6,6,0
27461,1030,1,145.0,4,4,0
27462,1030,3,1.0,10,10,0
27522,1034,210,1.0,9,9,0
27521,1034,9,78.0,2,2,0
27520,1034,3,0.0,10,10,0
27519,1034,51,2.0,8,8,0
27518,1034,4,32.0,6,6,0
27517,1034,213,13.0,7,7,0
27516,1034,211,42.0,5,5,0
27515,1034,1,51.0,3,3,0
27514,1034,6,43.0,4,4,0
27513,1034,131,146.0,1,1,4
27583,1040,131,366.0,1,1,8
27582,1031,210,0.0,10,10,0
27581,1031,9,0.0,9,9,0
27580,1031,3,0.0,8,8,0
27579,1031,51,2.0,7,7,0
27578,1031,4,4.0,6,6,0
27577,1031,213,6.0,5,5,0
27576,1031,211,8.0,4,4,0
27575,1031,1,26.0,2,2,0
27574,1031,6,19.0,3,3,0
27573,1031,131,37.0,1,1,1
27483,1032,131,80.0,1,1,2
27484,1032,6,19.0,5,5,0
27485,1032,1,39.0,2,2,0
27486,1032,211,22.0,4,4,0
27487,1032,213,7.0,7,7,0
27488,1032,4,8.0,6,6,0
27489,1032,51,2.0,8,8,0
27490,1032,3,0.0,9,9,0
27491,1032,9,27.0,3,3,0
27492,1032,210,0.0,10,10,0
27511,1033,9,55.0,2,2,0
27510,1033,3,0.0,10,10,0
27508,1033,4,12.0,6,6,0
27507,1033,213,7.0,7,7,0
27506,1033,211,40.0,4,4,0
27504,1033,6,27.0,5,5,0
27505,1033,1,41.0,3,3,0
27512,1033,210,1.0,9,9,0
27509,1033,51,2.0,8,8,0
27503,1033,131,121.0,1,1,3
27523,1035,131,180.0,1,1,4
27524,1035,6,55.0,3,3,0
27525,1035,1,53.0,4,4,0
27526,1035,211,41.0,5,5,0
27527,1035,213,14.0,7,7,0
27528,1035,4,36.0,6,6,0
27529,1035,51,2.0,8,8,0
27530,1035,3,0.0,10,10,0
27531,1035,9,113.0,2,2,1
27532,1035,210,1.0,9,9,0
27533,1036,131,221.0,1,1,5
27534,1036,6,61.0,5,5,0
27535,1036,1,62.0,4,4,0
27536,1036,211,63.0,3,3,0
27537,1036,213,16.0,7,7,0
27538,1036,4,36.0,6,6,0
27539,1036,51,2.0,8,8,0
27540,1036,3,0.0,10,10,0
27541,1036,9,135.0,2,2,1
27542,1036,210,1.0,9,9,0
27543,1037,131,264.0,1,1,6
27544,1037,6,61.0,5,5,0
27545,1037,1,68.0,3,3,0
27546,1037,211,66.0,4,4,0
27547,1037,213,20.0,7,7,0
27548,1037,4,59.0,6,6,0
27549,1037,51,2.0,8,8,0
27550,1037,3,0.0,10,10,0
27551,1037,9,158.0,2,2,1
27552,1037,210,1.0,9,9,0
27553,1038,131,281.0,1,1,6
27554,1038,6,61.0,6,6,0
27555,1038,1,98.0,3,3,0
27556,1038,211,82.0,4,4,0
27557,1038,213,47.0,7,7,1
27558,1038,4,71.0,5,5,0
27559,1038,51,2.0,8,8,0
27560,1038,3,0.0,10,10,0
27561,1038,9,158.0,2,2,1
27562,1038,210,1.0,9,9,0
27563,1039,131,325.0,1,1,7
27564,1039,6,66.0,6,6,0
27565,1039,1,106.0,3,3,0
27566,1039,211,92.0,4,4,0
27567,1039,213,53.0,7,7,1
27568,1039,4,83.0,5,5,0
27569,1039,51,4.0,8,8,0
27570,1039,3,0.0,10,10,0
27571,1039,9,173.0,2,2,1
27572,1039,210,1.0,9,9,0
27584,1040,6,74.0,6,6,0
27585,1040,1,106.0,3,3,0
27586,1040,211,104.0,4,4,0
27587,1040,213,59.0,7,7,1
27588,1040,4,99.0,5,5,0
27589,1040,51,4.0,8,8,0
27590,1040,3,0.0,10,10,0
27591,1040,9,192.0,2,2,1
27592,1040,210,1.0,9,9,0
27593,1041,131,391.0,1,1,9
27594,1041,6,80.0,6,6,0
27595,1041,1,116.0,4,4,0
27596,1041,211,120.0,3,3,0
27597,1041,213,67.0,7,7,1
27598,1041,4,114.0,5,5,0
27599,1041,51,5.0,8,8,0
27600,1041,3,0.0,10,10,0
27601,1041,9,211.0,2,2,1
27602,1041,210,3.0,9,9,0
27603,1042,131,435.0,1,1,10
27604,1042,6,93.0,6,6,0
27605,1042,1,124.0,4,4,0
27606,1042,211,126.0,3,3,0
27607,1042,213,77.0,7,7,1
27608,1042,4,120.0,5,5,0
27609,1042,51,5.0,8,8,0
27610,1042,3,0.0,10,10,0
27611,1042,9,226.0,2,2,1
27612,1042,210,3.0,9,9,0
27613,1043,131,479.0,1,1,11
27614,1043,6,103.0,6,6,0
27615,1043,1,134.0,4,4,0
27616,1043,211,134.0,5,5,0
27617,1043,213,89.0,7,7,1
27618,1043,4,135.0,3,3,0
27619,1043,51,8.0,8,8,0
27620,1043,3,0.0,10,10,0
27621,1043,9,226.0,2,2,1
27622,1043,210,3.0,9,9,0
27623,1044,131,504.0,1,1,12
27624,1044,6,130.0,6,6,0
27625,1044,1,149.0,4,4,0
27626,1044,211,154.0,3,3,0
27627,1044,213,89.0,7,7,1
27628,1044,4,136.0,5,5,0
27629,1044,51,8.0,8,8,0
27630,1044,3,0.0,10,10,0
27631,1044,9,240.0,2,2,1
27632,1044,210,3.0,9,9,0
27633,1045,131,533.0,1,1,13
27634,1045,6,131.0,6,6,0
27635,1045,1,171.0,3,3,0
27636,1045,211,154.0,4,4,0
27637,1045,213,97.0,7,7,1
27638,1045,4,144.0,5,5,0
27639,1045,51,8.0,8,8,0
27640,1045,3,0.0,10,10,0
27641,1045,9,274.0,2,2,1
27642,1045,210,3.0,9,9,0
27643,1046,131,540.0,1,1,13
27644,1046,6,131.0,6,6,0
27645,1046,1,184.0,4,4,0
27646,1046,211,194.0,3,3,1
27647,1046,213,103.0,7,7,1
27648,1046,4,172.0,5,5,0
27649,1046,51,8.0,8,8,0
27650,1046,3,0.0,10,10,0
27651,1046,9,282.0,2,2,1
27652,1046,210,3.0,9,9,0
27653,1047,131,573.0,1,1,13
27654,1047,6,131.0,6,6,0
27655,1047,1,202.0,3,3,0
27656,1047,211,195.0,4,4,1
27657,1047,213,107.0,7,7,1
27658,1047,4,181.0,5,5,0
27659,1047,51,8.0,8,8,0
27660,1047,3,0.0,10,10,0
27661,1047,9,319.0,2,2,2
27662,1047,210,3.0,9,9,0
27912,1051,210,0.0,10,10,0
27911,1051,3,23.0,8,8,0
27910,1051,214,137.0,5,5,1
27909,1051,51,11.0,9,9,0
27908,1051,117,77.0,7,7,0
27907,1051,213,112.0,6,6,0
27906,1051,6,297.5,3,3,0
27905,1051,1,258.0,4,4,1
27904,1051,9,541.5,2,2,10
27903,1051,131,546.5,1,1,8
27673,1052,131,41.0,1,1,1
27674,1052,9,28.0,2,2,0
27675,1052,1,18.0,3,3,0
27676,1052,6,12.0,4,4,0
27677,1052,213,2.0,5,5,0
27678,1052,117,1.0,6,6,0
27679,1052,51,0.0,7,7,0
27680,1052,214,0.0,8,8,0
27681,1052,3,0.0,9,9,0
27682,1052,210,0.0,10,10,0
27711,1053,3,0.0,9,9,0
27709,1053,51,0.0,8,8,0
27712,1053,210,0.0,10,10,0
27704,1053,9,53.0,2,2,1
27705,1053,1,41.0,3,3,0
27710,1053,214,3.0,7,7,0
27708,1053,117,5.0,6,6,0
27707,1053,213,8.0,5,5,0
27706,1053,6,34.0,4,4,0
27703,1053,131,60.0,1,1,1
27713,1054,131,101.0,1,1,2
27714,1054,9,83.0,2,2,1
27715,1054,1,53.0,3,3,0
27716,1054,6,42.0,4,4,0
27717,1054,213,9.0,6,6,0
27718,1054,117,5.0,7,7,0
27719,1054,51,0.0,8,8,0
27720,1054,214,13.0,5,5,0
27721,1054,3,0.0,9,9,0
27722,1054,210,0.0,10,10,0
27723,1055,131,141.0,1,1,3
27724,1055,9,112.0,2,2,1
27725,1055,1,65.0,3,3,0
27726,1055,6,60.0,4,4,0
27727,1055,213,10.0,6,6,0
27728,1055,117,5.0,7,7,0
27729,1055,51,0.0,8,8,0
27730,1055,214,15.0,5,5,0
27731,1055,3,0.0,9,9,0
27732,1055,210,0.0,10,10,0
27733,1056,131,148.0,2,2,3
27734,1056,9,149.0,1,1,2
27735,1056,1,80.0,3,3,0
27736,1056,6,78.0,4,4,0
27737,1056,213,18.0,6,6,0
27738,1056,117,19.0,5,5,0
27739,1056,51,1.0,8,8,0
27740,1056,214,17.0,7,7,0
27741,1056,3,0.0,9,9,0
27742,1056,210,0.0,10,10,0
27743,1057,131,148.0,2,2,3
27744,1057,9,174.0,1,1,3
27745,1057,1,92.0,4,4,0
27746,1057,6,94.0,3,3,0
27747,1057,213,39.0,5,5,0
27748,1057,117,37.0,6,6,0
27749,1057,51,2.0,8,8,0
27750,1057,214,25.0,7,7,0
27751,1057,3,0.0,10,10,0
27752,1057,210,0.0,9,9,0
27753,1059,131,178.0,2,2,3
27754,1059,9,215.0,1,1,4
27755,1059,1,110.0,3,3,0
27756,1059,6,94.0,4,4,0
27757,1059,213,45.0,5,5,0
27758,1059,117,40.0,6,6,0
27759,1059,51,2.0,8,8,0
27760,1059,214,29.0,7,7,0
27761,1059,3,0.0,9,9,0
27762,1059,210,0.0,10,10,0
27763,1058,131,212.0,2,2,3
27764,1058,9,252.0,1,1,5
27765,1058,1,120.0,3,3,0
27766,1058,6,108.0,4,4,0
27767,1058,213,46.0,5,5,0
27768,1058,117,44.0,6,6,0
27769,1058,51,2.0,8,8,0
27770,1058,214,31.0,7,7,0
27771,1058,3,0.0,9,9,0
27772,1058,210,0.0,10,10,0
27792,1060,210,0.0,10,10,0
27787,1060,213,48.0,5,5,0
27786,1060,6,122.0,4,4,0
27791,1060,3,0.0,9,9,0
27790,1060,214,32.0,7,7,0
27789,1060,51,2.0,8,8,0
27788,1060,117,44.0,6,6,0
27785,1060,1,141.0,3,3,0
27784,1060,9,286.0,1,1,6
27783,1060,131,242.0,2,2,3
27793,1061,131,285.0,2,2,4
27794,1061,9,289.0,1,1,6
27795,1061,1,163.0,3,3,0
27796,1061,6,148.0,4,4,0
27797,1061,213,49.0,5,5,0
27798,1061,117,48.0,6,6,0
27799,1061,51,2.0,8,8,0
27800,1061,214,40.0,7,7,0
27801,1061,3,0.0,9,9,0
27802,1061,210,0.0,10,10,0
27820,1062,214,77.0,5,5,1
27819,1062,51,3.0,9,9,0
27818,1062,117,48.0,7,7,0
27817,1062,213,68.0,6,6,0
27815,1062,1,163.0,4,4,0
27822,1062,210,0.0,10,10,0
27821,1062,3,10.0,8,8,0
27816,1062,6,163.0,3,3,0
27814,1062,9,291.0,2,2,6
27813,1062,131,303.0,1,1,4
27823,1063,131,310.5,1,1,4
27824,1063,9,303.5,2,2,7
27825,1063,1,169.0,3,3,0
27826,1063,6,165.5,4,4,0
27827,1063,213,72.0,6,6,0
27828,1063,117,53.0,7,7,0
27829,1063,51,3.0,9,9,0
27830,1063,214,80.0,5,5,1
27831,1063,3,20.0,8,8,0
27832,1063,210,0.0,10,10,0
27833,1064,131,344.5,1,1,4
27834,1064,9,332.5,2,2,8
27835,1064,1,170.0,4,4,0
27836,1064,6,181.5,3,3,0
27837,1064,213,84.0,6,6,0
27838,1064,117,53.0,7,7,0
27839,1064,51,3.0,9,9,0
27840,1064,214,90.0,5,5,1
27841,1064,3,20.0,8,8,0
27842,1064,210,0.0,10,10,0
27843,1065,131,362.5,1,1,4
27844,1065,9,344.5,2,2,8
27845,1065,1,215.0,3,3,1
27846,1065,6,201.5,4,4,0
27847,1065,213,84.0,6,6,0
27848,1065,117,59.0,7,7,0
27849,1065,51,3.0,9,9,0
27850,1065,214,95.0,5,5,1
27851,1065,3,22.0,8,8,0
27852,1065,210,0.0,10,10,0
27853,1066,131,397.5,1,1,5
27854,1066,9,364.5,2,2,8
27855,1066,1,234.0,3,3,1
27856,1066,6,216.5,4,4,0
27857,1066,213,84.0,6,6,0
27858,1066,117,59.0,7,7,0
27859,1066,51,7.0,9,9,0
27860,1066,214,103.0,5,5,1
27861,1066,3,23.0,8,8,0
27862,1066,210,0.0,10,10,0
27863,1067,131,433.5,1,1,6
27864,1067,9,397.5,2,2,8
27865,1067,1,240.0,3,3,1
27866,1067,6,232.5,4,4,0
27867,1067,213,92.0,6,6,0
27868,1067,117,61.0,7,7,0
27869,1067,51,7.0,9,9,0
27870,1067,214,104.0,5,5,1
27871,1067,3,23.0,8,8,0
27872,1067,210,0.0,10,10,0
27873,1069,131,460.5,1,1,6
27874,1069,9,437.5,2,2,9
27875,1069,1,254.0,3,3,1
27876,1069,6,250.5,4,4,0
27877,1069,213,94.0,6,6,0
27878,1069,117,62.0,7,7,0
27879,1069,51,7.0,9,9,0
27880,1069,214,104.0,5,5,1
27881,1069,3,23.0,8,8,0
27882,1069,210,0.0,10,10,0
27883,1070,131,478.5,1,1,6
27884,1070,9,477.5,2,2,10
27885,1070,1,255.0,4,4,1
27886,1070,6,268.5,3,3,0
27887,1070,213,106.0,6,6,0
27888,1070,117,68.0,7,7,0
27889,1070,51,11.0,9,9,0
27890,1070,214,106.0,5,5,1
27891,1070,3,23.0,8,8,0
27892,1070,210,0.0,10,10,0
27893,1071,131,521.5,1,1,7
27894,1071,9,510.5,2,2,10
27895,1071,1,256.0,4,4,1
27896,1071,6,287.5,3,3,0
27897,1071,213,112.0,6,6,0
27898,1071,117,68.0,7,7,0
27899,1071,51,11.0,9,9,0
27900,1071,214,112.0,5,5,1
27901,1071,3,23.0,8,8,0
27902,1071,210,0.0,10,10,0
27913,1072,131,587.5,1,1,9
27914,1072,9,559.5,2,2,10
27915,1072,1,269.0,4,4,1
27916,1072,6,307.5,3,3,0
27917,1072,213,120.0,6,6,0
27918,1072,117,77.0,7,7,0
27919,1072,51,13.0,9,9,0
27920,1072,214,149.0,5,5,1
27921,1072,3,23.0,8,8,0
27922,1072,210,0.0,10,10,0
27923,1073,131,613.5,1,1,9
27924,1073,9,585.5,2,2,11
27925,1073,1,275.0,4,4,1
27926,1073,6,323.5,3,3,0
27927,1073,213,142.0,6,6,0
27928,1073,117,77.0,7,7,0
27929,1073,51,13.0,9,9,0
27930,1073,214,155.0,5,5,1
27931,1073,3,23.0,8,8,0
27932,1073,210,0.0,10,10,0
28142,1074,9,0.0,10,10,0
28141,1074,1,0.0,9,9,0
28140,1074,3,0.0,8,8,0
28139,1074,117,0.0,7,7,0
28138,1074,213,4.0,6,6,0
28137,1074,214,8.0,5,5,0
28136,1074,51,9.0,4,4,0
28135,1074,210,10.0,3,3,0
28134,1074,131,27.0,2,2,0
28133,1074,6,44.0,1,1,1
28143,1075,6,78.0,1,1,1
28144,1075,131,38.0,2,2,0
28145,1075,210,12.0,5,5,0
28146,1075,51,9.0,6,6,0
28147,1075,214,16.0,4,4,0
28148,1075,213,8.0,7,7,0
28149,1075,117,0.0,9,9,0
28150,1075,3,0.0,10,10,0
28151,1075,1,6.0,8,8,0
28152,1075,9,37.0,3,3,1
28153,1076,6,104.0,1,1,2
28154,1076,131,65.0,2,2,0
28155,1076,210,12.0,7,7,0
28156,1076,51,13.0,6,6,0
28157,1076,214,22.0,5,5,0
28158,1076,213,10.0,8,8,0
28159,1076,117,0.0,10,10,0
28160,1076,3,1.0,9,9,0
28161,1076,1,24.0,4,4,0
28162,1076,9,55.0,3,3,1
28163,1077,6,124.0,1,1,2
28164,1077,131,77.0,3,3,0
28165,1077,210,15.0,8,8,0
28166,1077,51,25.0,5,5,0
28167,1077,214,22.0,6,6,0
28168,1077,213,16.0,7,7,0
28169,1077,117,5.0,9,9,0
28170,1077,3,1.0,10,10,0
28171,1077,1,46.0,4,4,0
28172,1077,9,113.0,2,2,2
28173,1078,6,157.0,1,1,2
28174,1078,131,95.0,3,3,0
28175,1078,210,15.0,8,8,0
28176,1078,51,31.0,5,5,0
28177,1078,214,26.0,6,6,0
28178,1078,213,16.0,7,7,0
28179,1078,117,6.0,9,9,0
28180,1078,3,3.0,10,10,0
28181,1078,1,46.0,4,4,0
28182,1078,9,151.0,2,2,3
28183,1079,6,169.0,2,2,2
28184,1079,131,120.0,3,3,0
28185,1079,210,15.0,8,8,0
28186,1079,51,39.0,5,5,0
28187,1079,214,34.0,6,6,0
28188,1079,213,17.0,7,7,0
28189,1079,117,6.0,9,9,0
28190,1079,3,3.0,10,10,0
28191,1079,1,50.0,4,4,0
28192,1079,9,195.0,1,1,4
28193,1080,6,199.0,2,2,2
28194,1080,131,134.0,3,3,0
28195,1080,210,15.0,8,8,0
28196,1080,51,41.0,5,5,0
28197,1080,214,40.0,6,6,0
28198,1080,213,17.0,7,7,0
28199,1080,117,7.0,9,9,0
28200,1080,3,3.0,10,10,0
28201,1080,1,59.0,4,4,0
28202,1080,9,235.0,1,1,5
28203,1081,6,199.0,2,2,2
28204,1081,131,161.0,3,3,0
28205,1081,210,15.0,8,8,0
28206,1081,51,41.0,6,6,0
28207,1081,214,47.0,5,5,0
28208,1081,213,27.0,7,7,0
28209,1081,117,15.0,9,9,0
28210,1081,3,3.0,10,10,0
28211,1081,1,65.0,4,4,0
28212,1081,9,279.0,1,1,6
28232,1082,9,304.0,1,1,7
28231,1082,1,65.0,4,4,0
28230,1082,3,3.0,10,10,0
28228,1082,213,27.0,7,7,0
28225,1082,210,15.0,9,9,0
28223,1082,6,228.0,2,2,2
28224,1082,131,188.0,3,3,0
28229,1082,117,16.0,8,8,0
28227,1082,214,57.0,5,5,0
28226,1082,51,51.0,6,6,0
28233,1083,6,265.0,2,2,3
28234,1083,131,204.0,3,3,0
28235,1083,210,20.0,8,8,0
28236,1083,51,51.0,6,6,0
28237,1083,214,67.0,5,5,0
28238,1083,213,27.0,7,7,0
28239,1083,117,18.0,9,9,0
28240,1083,3,3.0,10,10,0
28241,1083,1,73.0,4,4,0
28242,1083,9,328.0,1,1,7
28243,1084,6,303.0,2,2,4
28244,1084,131,237.0,3,3,0
28245,1084,210,34.0,7,7,0
28246,1084,51,51.0,6,6,0
28247,1084,214,81.0,5,5,0
28248,1084,213,27.0,8,8,0
28249,1084,117,18.0,9,9,0
28250,1084,3,3.0,10,10,0
28251,1084,1,81.0,4,4,0
28252,1084,9,359.0,1,1,7
28253,1085,6,314.0,2,2,4
28254,1085,131,270.0,3,3,0
28255,1085,210,34.0,7,7,0
28256,1085,51,51.0,6,6,0
28257,1085,214,93.0,4,4,0
28258,1085,213,27.0,8,8,0
28259,1085,117,19.0,9,9,0
28260,1085,3,3.0,10,10,0
28261,1085,1,89.0,5,5,0
28262,1085,9,396.0,1,1,8
28263,1086,6,334.0,2,2,4
28264,1086,131,304.0,3,3,0
28265,1086,210,34.0,7,7,0
28266,1086,51,51.0,6,6,0
28267,1086,214,99.0,4,4,0
28268,1086,213,27.0,8,8,0
28269,1086,117,20.0,9,9,0
28270,1086,3,3.0,10,10,0
28271,1086,1,95.0,5,5,0
28272,1086,9,431.0,1,1,9
28273,1087,6,357.0,2,2,4
28274,1087,131,316.0,3,3,0
28275,1087,210,34.0,7,7,0
28276,1087,51,51.0,6,6,0
28277,1087,214,115.0,4,4,0
28278,1087,213,29.0,8,8,0
28279,1087,117,24.0,9,9,0
28280,1087,3,4.0,10,10,0
28281,1087,1,95.0,5,5,0
28282,1087,9,475.0,1,1,10
28283,1088,6,376.0,2,2,4
28284,1088,131,346.0,3,3,0
28285,1088,210,34.0,7,7,0
28286,1088,51,51.0,6,6,0
28287,1088,214,125.0,4,4,0
28288,1088,213,29.0,8,8,0
28289,1088,117,25.0,9,9,0
28290,1088,3,4.0,10,10,0
28291,1088,1,101.0,5,5,0
28292,1088,9,511.0,1,1,11
28293,1089,6,406.0,2,2,4
28294,1089,131,371.0,3,3,0
28295,1089,210,34.0,7,7,0
28296,1089,51,52.0,6,6,0
28297,1089,214,125.0,4,4,0
28298,1089,213,33.0,8,8,0
28299,1089,117,25.0,9,9,0
28300,1089,3,6.0,10,10,0
28301,1089,1,107.0,5,5,0
28302,1089,9,545.0,1,1,12
28303,1091,6,439.0,2,2,4
28304,1091,131,373.0,3,3,0
28305,1091,210,34.0,8,8,0
28306,1091,51,52.0,6,6,0
28307,1091,214,125.0,5,5,0
28308,1091,213,34.0,9,9,0
28309,1091,117,37.0,7,7,0
28310,1091,3,6.0,10,10,0
28311,1091,1,129.0,4,4,0
28312,1091,9,576.0,1,1,13
28332,1092,9,619.0,1,1,14
28331,1092,1,130.0,5,5,0
28328,1092,213,34.0,9,9,0
28325,1092,210,34.0,8,8,0
28323,1092,6,454.0,2,2,4
28330,1092,3,8.0,10,10,0
28324,1092,131,387.0,3,3,0
28327,1092,214,143.0,4,4,0
28329,1092,117,45.0,7,7,0
28326,1092,51,52.0,6,6,0
28370,1093,3,8.0,10,10,0
28371,1093,1,138.0,5,5,0
28367,1093,214,149.0,4,4,0
28363,1093,6,469.0,2,2,4
28369,1093,117,49.0,7,7,0
28368,1093,213,35.0,9,9,0
28366,1093,51,52.0,6,6,0
28365,1093,210,36.0,8,8,0
28364,1093,131,416.0,3,3,0
28382,1094,9,696.0,1,1,16
28381,1094,1,146.0,5,5,0
28378,1094,213,35.0,9,9,0
28375,1094,210,36.0,8,8,0
28373,1094,6,487.0,2,2,4
28380,1094,3,8.0,10,10,0
28374,1094,131,447.0,3,3,0
28377,1094,214,153.0,4,4,0
28379,1094,117,49.0,7,7,0
28376,1094,51,53.0,6,6,0
28372,1093,9,656.0,1,1,15
28383,1095,6,524.0,2,2,4
28384,1095,131,505.0,3,3,1
28385,1095,210,37.0,8,8,0
28386,1095,51,55.0,6,6,0
28387,1095,214,167.0,4,4,0
28388,1095,213,35.0,9,9,0
28389,1095,117,50.0,7,7,0
28390,1095,3,8.0,10,10,0
28391,1095,1,148.0,5,5,0
28392,1095,9,719.0,1,1,16
28393,1096,6,554.0,2,2,4
28394,1096,131,515.0,3,3,1
28395,1096,210,37.0,8,8,0
28396,1096,51,55.0,6,6,0
28397,1096,214,173.0,4,4,0
28398,1096,213,35.0,9,9,0
28399,1096,117,55.0,7,7,0
28400,1096,3,8.0,10,10,0
28401,1096,1,159.0,5,5,0
28402,1096,9,759.0,1,1,17
28492,1098,1,0.0,10,10,0
28491,1098,210,0.0,9,9,0
28490,1098,213,0.0,8,8,0
28489,1098,3,1.0,7,7,0
28488,1098,214,2.0,6,6,0
28487,1098,51,4.0,5,5,0
28486,1098,131,16.0,3,3,0
28485,1098,6,12.0,4,4,0
28484,1098,117,23.0,2,2,0
28483,1098,9,43.0,1,1,1
28444,1100,117,65.0,2,2,0
28443,1100,9,123.0,1,1,3
28442,1099,1,0.0,10,10,0
28440,1099,213,0.0,9,9,0
28439,1099,3,1.0,8,8,0
28437,1099,51,4.0,6,6,0
28435,1099,6,26.0,4,4,0
28441,1099,210,1.0,7,7,0
28438,1099,214,8.0,5,5,0
28434,1099,117,38.0,2,2,0
28436,1099,131,38.0,3,3,0
28433,1099,9,87.0,1,1,2
28445,1100,6,26.0,4,4,0
28446,1100,131,56.0,3,3,0
28447,1100,51,6.0,8,8,0
28448,1100,214,8.0,6,6,0
28449,1100,3,1.0,10,10,0
28450,1100,213,1.0,9,9,0
28451,1100,210,7.0,7,7,0
28452,1100,1,12.0,5,5,0
28453,1101,9,180.0,1,1,4
28454,1101,117,87.0,2,2,0
28455,1101,6,62.0,4,4,0
28456,1101,131,76.0,3,3,0
28457,1101,51,6.0,8,8,0
28458,1101,214,8.0,6,6,0
28459,1101,3,1.0,10,10,0
28460,1101,213,2.0,9,9,0
28461,1101,210,7.0,7,7,0
28462,1101,1,14.0,5,5,0
28463,1102,9,224.0,1,1,5
28464,1102,117,102.0,2,2,0
28465,1102,6,78.0,4,4,0
28466,1102,131,96.0,3,3,0
28467,1102,51,6.0,8,8,0
28468,1102,214,14.0,6,6,0
28469,1102,3,1.0,10,10,0
28470,1102,213,2.0,9,9,0
28471,1102,210,8.0,7,7,0
28472,1102,1,14.0,5,5,0
28473,1104,9,249.0,1,1,6
28474,1104,117,120.0,2,2,0
28475,1104,6,90.0,4,4,0
28476,1104,131,119.0,3,3,0
28477,1104,51,6.0,8,8,0
28478,1104,214,35.0,5,5,0
28479,1104,3,1.0,10,10,0
28480,1104,213,2.0,9,9,0
28481,1104,210,8.0,7,7,0
28482,1104,1,17.0,6,6,0
28493,1105,9,287.0,1,1,7
28494,1105,117,134.0,3,3,0
28495,1105,6,100.0,4,4,0
28496,1105,131,152.0,2,2,0
28497,1105,51,8.0,8,8,0
28498,1105,214,40.0,5,5,0
28499,1105,3,1.0,10,10,0
28500,1105,213,2.0,9,9,0
28501,1105,210,8.0,7,7,0
28502,1105,1,17.0,6,6,0
28522,1106,1,17.0,6,6,0
28521,1106,210,8.0,8,8,0
28520,1106,213,2.0,10,10,0
28519,1106,3,7.0,9,9,0
28518,1106,214,44.0,5,5,0
28517,1106,51,9.0,7,7,0
28516,1106,131,167.0,2,2,0
28515,1106,6,122.0,4,4,0
28514,1106,117,154.0,3,3,0
28513,1106,9,321.0,1,1,8
28541,1107,210,11.0,7,7,0
28539,1107,3,7.0,9,9,0
28535,1107,6,154.0,4,4,0
28534,1107,117,175.0,3,3,0
28540,1107,213,2.0,10,10,0
28542,1107,1,29.0,6,6,0
28538,1107,214,47.0,5,5,0
28533,1107,9,377.0,1,1,9
28537,1107,51,9.0,8,8,0
28536,1107,131,178.0,2,2,0
28543,1108,9,411.0,1,1,10
28544,1108,117,181.0,3,3,0
28545,1108,6,157.0,4,4,0
28546,1108,131,203.0,2,2,0
28547,1108,51,9.0,9,9,0
28548,1108,214,47.0,6,6,0
28549,1108,3,11.0,7,7,0
28550,1108,213,2.0,10,10,0
28551,1108,210,11.0,8,8,0
28552,1108,1,59.0,5,5,0
28553,1109,9,452.0,1,1,11
28554,1109,117,184.0,3,3,0
28555,1109,6,167.0,4,4,0
28556,1109,131,223.0,2,2,0
28557,1109,51,9.0,9,9,0
28558,1109,214,47.0,6,6,0
28559,1109,3,11.0,7,7,0
28560,1109,213,2.0,10,10,0
28561,1109,210,11.0,8,8,0
28562,1109,1,87.0,5,5,0
28563,1110,9,503.0,1,1,12
28564,1110,117,196.0,3,3,0
28565,1110,6,191.0,4,4,0
28566,1110,131,247.0,2,2,0
28567,1110,51,9.0,9,9,0
28568,1110,214,57.0,6,6,0
28569,1110,3,11.0,7,7,0
28570,1110,213,3.0,10,10,0
28571,1110,210,11.0,8,8,0
28572,1110,1,103.0,5,5,0
28573,1111,9,540.0,1,1,13
28574,1111,117,215.0,3,3,0
28575,1111,6,201.0,4,4,0
28576,1111,131,255.0,2,2,0
28577,1111,51,9.0,9,9,0
28578,1111,214,73.0,6,6,0
28579,1111,3,15.0,7,7,0
28580,1111,213,3.0,10,10,0
28581,1111,210,11.0,8,8,0
28582,1111,1,111.0,5,5,0
28583,1112,9,583.0,1,1,14
28584,1112,117,217.0,4,4,0
28585,1112,6,228.0,3,3,0
28586,1112,131,273.0,2,2,0
28587,1112,51,10.0,9,9,0
28588,1112,214,73.0,6,6,0
28589,1112,3,21.0,7,7,0
28590,1112,213,3.0,10,10,0
28591,1112,210,11.0,8,8,0
28592,1112,1,115.0,5,5,0
28593,1113,9,597.0,1,1,14
28594,1113,117,217.0,4,4,0
28595,1113,6,265.0,3,3,1
28596,1113,131,289.0,2,2,0
28597,1113,51,10.0,9,9,0
28598,1113,214,81.0,6,6,0
28599,1113,3,21.0,7,7,0
28600,1113,213,5.0,10,10,0
28601,1113,210,12.0,8,8,0
28602,1113,1,139.0,5,5,0
28603,1114,9,623.0,1,1,15
28604,1114,117,221.0,4,4,0
28605,1114,6,285.0,3,3,1
28606,1114,131,305.0,2,2,0
28607,1114,51,10.0,9,9,0
28608,1114,214,84.0,6,6,0
28609,1114,3,21.0,7,7,0
28610,1114,213,5.0,10,10,0
28611,1114,210,12.0,8,8,0
28612,1114,1,172.0,5,5,0
28660,1115,213,5.0,10,10,0
28658,1115,214,90.0,6,6,0
28662,1115,1,219.0,5,5,0
28661,1115,210,12.0,9,9,0
28659,1115,3,23.0,7,7,0
28657,1115,51,16.0,8,8,0
28656,1115,131,326.0,2,2,0
28655,1115,6,298.0,3,3,1
28654,1115,117,230.0,4,4,0
28653,1115,9,657.0,1,1,16
28671,1116,210,12.0,9,9,0
28669,1116,3,26.0,7,7,0
28665,1116,6,322.0,3,3,1
28672,1116,1,242.0,4,4,0
28670,1116,213,10.0,10,10,0
28668,1116,214,100.0,6,6,0
28667,1116,51,16.0,8,8,0
28666,1116,131,344.0,2,2,0
28664,1116,117,236.0,5,5,0
28663,1116,9,706.0,1,1,17
28673,1117,9,731.0,1,1,18
28674,1117,117,236.0,5,5,0
28675,1117,6,349.0,3,3,1
28676,1117,131,371.0,2,2,0
28677,1117,51,16.0,9,9,0
28678,1117,214,101.0,6,6,0
28679,1117,3,28.0,7,7,0
28680,1117,213,16.0,8,8,0
28681,1117,210,12.0,10,10,0
28682,1117,1,256.0,4,4,0
28683,1118,9,782.0,1,1,19
28684,1118,117,261.0,5,5,0
28685,1118,6,362.0,3,3,1
28686,1118,131,382.0,2,2,0
28687,1118,51,16.0,9,9,0
28688,1118,214,108.0,6,6,0
28689,1118,3,28.0,7,7,0
28690,1118,213,21.0,8,8,0
28691,1118,210,12.0,10,10,0
28692,1118,1,282.0,4,4,0
28693,1119,9,822.0,1,1,20
28694,1119,117,273.0,5,5,0
28695,1119,6,388.0,3,3,1
28696,1119,131,392.0,2,2,0
28697,1119,51,16.0,9,9,0
28698,1119,214,120.0,6,6,0
28699,1119,3,28.0,7,7,0
28700,1119,213,21.0,8,8,0
28701,1119,210,12.0,10,10,0
28702,1119,1,284.0,4,4,0
28703,1120,9,860.0,1,1,21
28704,1120,117,280.0,5,5,0
28705,1120,6,406.0,3,3,1
28706,1120,131,409.0,2,2,0
28707,1120,51,16.0,9,9,0
28708,1120,214,120.0,6,6,0
28709,1120,3,28.0,7,7,0
28710,1120,213,25.0,8,8,0
28711,1120,210,12.0,10,10,0
28712,1120,1,302.0,4,4,0
28713,1121,9,44.0,1,1,1
28714,1121,6,27.0,2,2,0
28715,1121,131,16.0,3,3,0
28716,1121,1,12.0,4,4,0
28717,1121,117,3.0,5,5,0
28718,1121,15,0.0,6,6,0
28719,1121,210,0.0,7,7,0
28720,1121,215,0.0,8,8,0
28721,1121,3,0.0,9,9,0
28722,1121,214,0.0,10,10,0
28723,1122,9,87.0,1,1,2
28724,1122,6,49.0,2,2,0
28725,1122,131,26.0,4,4,0
28726,1122,1,28.0,3,3,0
28727,1122,117,13.0,5,5,0
28728,1122,15,0.0,8,8,0
28729,1122,210,1.0,6,6,0
28730,1122,215,0.0,9,9,0
28731,1122,3,0.0,7,7,0
28732,1122,214,0.0,10,10,0
28752,1123,214,0.0,10,10,0
28750,1123,215,6.0,6,6,0
28748,1123,15,0.0,9,9,0
28747,1123,117,25.0,5,5,0
28746,1123,1,55.0,3,3,0
28745,1123,131,26.0,4,4,0
28751,1123,3,0.0,8,8,0
28749,1123,210,4.0,7,7,0
28744,1123,6,93.0,2,2,1
28743,1123,9,97.0,1,1,2
28753,1124,9,141.0,1,1,3
28754,1124,6,120.0,2,2,1
28755,1124,131,34.0,4,4,0
28756,1124,1,69.0,3,3,0
28757,1124,117,33.0,5,5,0
28758,1124,15,0.0,9,9,0
28759,1124,210,4.0,7,7,0
28760,1124,215,7.0,6,6,0
28761,1124,3,0.0,8,8,0
28762,1124,214,0.0,10,10,0
28784,1126,6,187.0,2,2,1
28783,1126,9,239.0,1,1,4
28782,1125,214,0.0,9,9,0
28780,1125,215,7.0,6,6,0
28779,1125,210,5.0,7,7,0
28778,1125,15,0.0,10,10,0
28777,1125,117,40.0,5,5,0
28774,1125,6,151.0,2,2,1
28781,1125,3,0.0,8,8,0
28776,1125,1,96.0,3,3,0
28775,1125,131,52.0,4,4,0
28773,1125,9,195.0,1,1,4
28785,1126,131,64.0,4,4,0
28786,1126,1,124.0,3,3,1
28787,1126,117,42.0,5,5,0
28788,1126,15,0.0,10,10,0
28789,1126,210,7.0,7,7,0
28790,1126,215,19.0,6,6,0
28791,1126,3,0.0,9,9,0
28792,1126,214,1.0,8,8,0
28793,1127,9,268.0,1,1,5
28794,1127,6,212.0,2,2,1
28795,1127,131,79.0,4,4,0
28796,1127,1,154.0,3,3,1
28797,1127,117,44.0,5,5,0
28798,1127,15,0.0,10,10,0
28799,1127,210,7.0,7,7,0
28800,1127,215,20.0,6,6,0
28801,1127,3,0.0,9,9,0
28802,1127,214,1.0,8,8,0
28803,1128,9,276.0,1,1,5
28804,1128,6,252.0,2,2,2
28805,1128,131,96.0,4,4,0
28806,1128,1,184.0,3,3,1
28807,1128,117,44.0,5,5,0
28808,1128,15,0.0,10,10,0
28809,1128,210,7.0,7,7,0
28810,1128,215,24.0,6,6,0
28811,1128,3,2.0,8,8,0
28812,1128,214,2.0,9,9,0
28813,1129,9,301.0,1,1,6
28814,1129,6,252.0,2,2,2
28815,1129,131,124.0,4,4,0
28816,1129,1,212.0,3,3,1
28817,1129,117,58.0,5,5,0
28818,1129,15,0.0,10,10,0
28819,1129,210,7.0,7,7,0
28820,1129,215,28.0,6,6,0
28821,1129,3,2.0,9,9,0
28822,1129,214,5.0,8,8,0
28823,1130,9,330.0,1,1,7
28824,1130,6,270.0,2,2,2
28825,1130,131,151.0,4,4,0
28826,1130,1,237.0,3,3,1
28827,1130,117,58.0,5,5,0
28828,1130,15,0.0,10,10,0
28829,1130,210,7.0,8,8,0
28830,1130,215,28.0,6,6,0
28831,1130,3,2.0,9,9,0
28832,1130,214,8.0,7,7,0
28833,1131,9,355.0,1,1,7
28834,1131,6,291.0,2,2,2
28835,1131,131,196.0,4,4,1
28836,1131,1,268.0,3,3,1
28837,1131,117,58.0,5,5,0
28838,1131,15,0.0,10,10,0
28839,1131,210,19.0,7,7,0
28840,1131,215,30.0,6,6,0
28841,1131,3,2.0,9,9,0
28842,1131,214,9.0,8,8,0
28843,1132,9,373.0,1,1,7
28844,1132,6,302.0,2,2,2
28845,1132,131,221.0,4,4,2
28846,1132,1,295.0,3,3,1
28847,1132,117,68.0,5,5,0
28848,1132,15,0.0,10,10,0
28849,1132,210,27.0,7,7,0
28850,1132,215,31.0,6,6,0
28851,1132,3,4.0,9,9,0
28852,1132,214,9.0,8,8,0
28853,1133,9,389.0,1,1,7
28854,1133,6,322.0,3,3,2
28855,1133,131,241.0,4,4,2
28856,1133,1,338.0,2,2,2
28857,1133,117,69.0,5,5,0
28858,1133,15,0.0,10,10,0
28859,1133,210,27.0,7,7,0
28860,1133,215,33.0,6,6,0
28861,1133,3,4.0,9,9,0
28862,1133,214,9.0,8,8,0
28882,1134,214,11.0,8,8,0
28880,1134,215,34.0,6,6,0
28879,1134,210,27.0,7,7,0
28878,1134,15,0.0,10,10,0
28877,1134,117,73.0,5,5,0
28875,1134,131,266.0,4,4,3
28874,1134,6,345.0,3,3,2
28881,1134,3,4.0,9,9,0
28876,1134,1,366.0,2,2,2
28873,1134,9,408.0,1,1,7
28883,1135,9,434.0,1,1,7
28884,1135,6,370.0,3,3,2
28885,1135,131,276.0,4,4,3
28886,1135,1,404.0,2,2,3
28887,1135,117,74.0,5,5,0
28888,1135,15,0.0,10,10,0
28889,1135,210,27.0,7,7,0
28890,1135,215,34.0,6,6,0
28891,1135,3,4.0,9,9,0
28892,1135,214,13.0,8,8,0
28893,1136,9,446.0,1,1,7
28894,1136,6,407.0,3,3,3
28895,1136,131,292.0,4,4,3
28896,1136,1,438.0,2,2,3
28897,1136,117,74.0,5,5,0
28898,1136,15,0.0,10,10,0
28899,1136,210,28.0,7,7,0
28900,1136,215,34.0,6,6,0
28901,1136,3,6.0,9,9,0
28902,1136,214,13.0,8,8,0
28903,1137,9,456.0,2,2,7
28904,1137,6,425.0,3,3,3
28905,1137,131,309.0,4,4,3
28906,1137,1,476.0,1,1,4
28907,1137,117,82.0,5,5,0
28908,1137,15,0.0,10,10,0
28909,1137,210,29.0,7,7,0
28910,1137,215,34.0,6,6,0
28911,1137,3,16.0,8,8,0
28912,1137,214,13.0,9,9,0
28913,1138,9,475.0,2,2,7
28914,1138,6,441.0,3,3,3
28915,1138,131,329.0,4,4,3
28916,1138,1,516.0,1,1,5
28917,1138,117,86.0,5,5,0
28918,1138,15,0.0,10,10,0
28919,1138,210,31.0,7,7,0
28920,1138,215,34.0,6,6,0
28921,1138,3,16.0,8,8,0
28922,1138,214,13.0,9,9,0
28923,1139,9,504.0,2,2,7
28924,1139,6,496.0,3,3,4
28925,1139,131,344.0,4,4,3
28926,1139,1,544.0,1,1,5
28927,1139,117,86.0,5,5,0
28928,1139,15,0.0,10,10,0
28929,1139,210,38.0,6,6,0
28930,1139,215,36.0,7,7,0
28931,1139,3,17.0,8,8,0
28932,1139,214,13.0,9,9,0
28933,1140,9,512.0,3,3,7
28934,1140,6,537.0,2,2,5
28935,1140,131,366.0,4,4,3
28936,1140,1,566.0,1,1,5
28937,1140,117,86.0,5,5,0
28938,1140,15,0.0,10,10,0
28939,1140,210,46.0,6,6,0
28940,1140,215,36.0,7,7,0
28941,1140,3,17.0,8,8,0
28942,1140,214,14.0,9,9,0
28943,1141,9,544.0,3,3,8
28944,1141,6,557.0,2,2,5
28945,1141,131,382.0,4,4,3
28946,1141,1,593.0,1,1,5
28947,1141,117,86.0,5,5,0
28948,1141,15,0.0,10,10,0
28949,1141,210,46.0,7,7,0
28950,1141,215,44.0,8,8,0
28951,1141,3,17.0,9,9,0
28952,1141,214,49.0,6,6,0
28953,1142,9,555.0,3,3,8
28954,1142,6,584.0,2,2,5
28955,1142,131,425.0,4,4,4
28956,1142,1,608.0,1,1,5
28957,1142,117,86.0,5,5,0
28958,1142,15,0.0,10,10,0
28959,1142,210,50.0,6,6,0
28960,1142,215,46.0,8,8,0
28961,1142,3,17.0,9,9,0
28962,1142,214,49.0,7,7,0
28963,1143,9,581.0,3,3,9
28964,1143,6,619.0,2,2,5
28965,1143,131,446.0,4,4,4
28966,1143,1,640.0,1,1,5
28967,1143,117,92.0,5,5,0
28968,1143,15,4.0,10,10,0
28969,1143,210,54.0,7,7,0
28970,1143,215,46.0,8,8,0
28971,1143,3,17.0,9,9,0
28972,1143,214,59.0,6,6,0
28973,1144,9,589.0,3,3,9
28974,1144,6,652.0,2,2,5
28975,1144,131,468.0,4,4,4
28976,1144,1,666.0,1,1,6
28977,1144,117,94.0,5,5,0
28978,1144,15,4.0,10,10,0
28979,1144,210,58.0,7,7,0
28980,1144,215,46.0,8,8,0
28981,1144,3,17.0,9,9,0
28982,1144,214,65.0,6,6,0
